<manifest><control namespace="EasyCrmFXCF" constructor="FetchXmlCalculatedField" version="0.0.9" display-name-key="FetchXmlCalculatedField" description-key="FetchXmlCalculatedField description" control-type="standard" api-version="1.2.1"><property name="anyTextAttribute" display-name-key="Any Text Attribute" description-key="Any Text Attribute" of-type-group="anyTextGroup" usage="bound" required="true" /><property name="configutationid" display-name-key="Configuration ID" description-key="Configuration ID" of-type="SingleLine.Text" usage="input" required="true" /><type-group name="anyTextGroup"><type>SingleLine.Text</type><type>SingleLine.URL</type><type>SingleLine.Phone</type><type>SingleLine.TextArea</type><type>SingleLine.Ticker</type></type-group><resources><code path="bundle.js" order="1" /><css path="css/FetchXmlCalculatedField.css" order="1" /></resources><feature-usage><uses-feature name="Utility" required="true" /><uses-feature name="WebAPI" required="true" /></feature-usage><built-by name="pac" version="1.2.6" /></control></manifest>